<application>
  <component name="FileTypeManager" version="18">
    <ignoreFiles list="*.iml;*.ipr;*.iws;*.pyc;*.pyo;*.rbc;*.yarb;*~;.DS_Store;.git;.gitignore;.hg;.idea;.mvn;.svn;CVS;HELP.md;__pycache__;_svn;mvnw;mvnw.cmd;vssver.scc;vssver2.scc" />
    <extensionMap>
      <mapping ext="gradle.kts" type="Kotlin" />
      <mapping ext="main.kts" type="Kotlin" />
      <mapping pattern=".dockerignore" type="PLAIN_TEXT" />
      <mapping ext="klib" type="PLAIN_TEXT" />
      <mapping ext="p12" type="PLAIN_TEXT" />
      <mapping ext="pfx" type="PLAIN_TEXT" />
      <mapping ext="prooerties" type="XML" />
      <removed_mapping ext="apk" approved="true" type="ARCHIVE" />
      <removed_mapping ext="klib" approved="true" type="ARCHIVE" />
      <removed_mapping ext="psd" approved="true" type="Image" />
      <removed_mapping pattern=".dockerignore" approved="true" type="DockerIgnore file" />
      <mapping ext="plantuml" type="PlantUML file" />
    </extensionMap>
  </component>
</application>