<application>
  <component name="NodeJsLocalInterpreterManager">
    <local-interpreter path="/usr/local/bin/node">
      <version-cache last-modified="0" />
    </local-interpreter>
    <local-interpreter path="$USER_HOME$/.nvm/versions/node/v18.15.0/bin/node">
      <version-cache version="18.15.0" last-modified="1677993692000" />
    </local-interpreter>
    <local-interpreter path="$USER_HOME$/.nvm/versions/node/v16.20.0/bin/node">
      <version-cache version="16.20.0" last-modified="1680035449000" />
    </local-interpreter>
  </component>
</application>