<application>
  <component name="ParameterNameHintsSettings">
    <blacklists>
      <blacklist language="TypeScript" />
      <blacklist language="Java">
        <added pattern="org.w3c.dom.NodeList.item(index)" />
      </blacklist>
      <blacklist language="JavaScript" />
      <blacklist language="Groovy" />
      <blacklist language="Kotlin" />
    </blacklists>
    <option id="js.only.show.names.for.tagged" value="false" />
    <option id="java.enums" value="false" />
    <option id="java.new.expr" value="false" />
    <option id="js.only.show.names.for.pipes" value="false" />
    <option id="js.param.hints.show.names.for.tagged" value="false" />
    <option id="angular.show.names.for.pipes" value="false" />
    <disabledLanguages>
      <language id="TypeScript" />
      <language id="Angular2Html" />
      <language id="JavaScript" />
      <language id="kotlin" />
      <language id="Groovy" />
      <language id="SQL" />
    </disabledLanguages>
  </component>
</application>