<application>
  <component name="ProjectManager">
    <defaultProject>
      <component name="AutoImportSettings">
        <option name="autoReloadType" value="SELECTIVE" />
      </component>
      <component name="InspectionProjectProfileManager">
        <profile version="1.0">
          <option name="myName" value="Project Default" />
          <inspection_tool class="ConstantConditions" enabled="true" level="WARNING" enabled_by_default="true">
            <option name="SUGGEST_NULLABLE_ANNOTATIONS" value="false" />
            <option name="DONT_REPORT_TRUE_ASSERT_STATEMENTS" value="false" />
            <option name="REPORT_UNSOUND_WARNINGS" value="false" />
          </inspection_tool>
          <inspection_tool class="ConstantValueMerged" />
          <inspection_tool class="DuplicatedCode" enabled="true" level="WEAK WARNING" enabled_by_default="true">
            <Languages>
              <language minSize="51" name="Java" />
            </Languages>
          </inspection_tool>
          <inspection_tool class="JavaDoc" enabled="true" level="WARNING" enabled_by_default="true">
            <option name="TOP_LEVEL_CLASS_OPTIONS">
              <value>
                <option name="ACCESS_JAVADOC_REQUIRED_FOR" value="none" />
                <option name="REQUIRED_TAGS" value="" />
              </value>
            </option>
            <option name="INNER_CLASS_OPTIONS">
              <value>
                <option name="ACCESS_JAVADOC_REQUIRED_FOR" value="none" />
                <option name="REQUIRED_TAGS" value="" />
              </value>
            </option>
            <option name="METHOD_OPTIONS">
              <value>
                <option name="ACCESS_JAVADOC_REQUIRED_FOR" value="none" />
                <option name="REQUIRED_TAGS" value="@return@param@throws or @exception" />
              </value>
            </option>
            <option name="FIELD_OPTIONS">
              <value>
                <option name="ACCESS_JAVADOC_REQUIRED_FOR" value="none" />
                <option name="REQUIRED_TAGS" value="" />
              </value>
            </option>
            <option name="IGNORE_DEPRECATED" value="false" />
            <option name="IGNORE_JAVADOC_PERIOD" value="true" />
            <option name="IGNORE_DUPLICATED_THROWS" value="false" />
            <option name="IGNORE_POINT_TO_ITSELF" value="false" />
            <option name="myAdditionalJavadocTags" value="description:,author:,create:,date" />
          </inspection_tool>
          <inspection_tool class="JavadocDeclaration" enabled="true" level="WARNING" enabled_by_default="true">
            <option name="ADDITIONAL_TAGS" value="description:,author:,create:,date" />
          </inspection_tool>
          <inspection_tool class="MissingJavadoc" enabled="true" level="WARNING" enabled_by_default="true">
            <option name="PACKAGE_SETTINGS">
              <Options>
                <option name="ENABLED" value="false" />
              </Options>
            </option>
            <option name="MODULE_SETTINGS">
              <Options>
                <option name="ENABLED" value="false" />
              </Options>
            </option>
            <option name="TOP_LEVEL_CLASS_SETTINGS">
              <Options>
                <option name="ENABLED" value="false" />
              </Options>
            </option>
            <option name="INNER_CLASS_SETTINGS">
              <Options>
                <option name="ENABLED" value="false" />
              </Options>
            </option>
            <option name="METHOD_SETTINGS">
              <Options>
                <option name="REQUIRED_TAGS" value="@return@param@throws or @exception" />
                <option name="ENABLED" value="false" />
              </Options>
            </option>
            <option name="FIELD_SETTINGS">
              <Options>
                <option name="ENABLED" value="false" />
              </Options>
            </option>
          </inspection_tool>
          <inspection_tool class="SerializableHasSerialVersionUIDField" enabled="true" level="WARNING" enabled_by_default="true" />
          <inspection_tool class="SpringJavaAutowiredFieldsWarningInspection" enabled="false" level="WEAK WARNING" enabled_by_default="false" />
        </profile>
        <version value="1.0" />
      </component>
      <component name="MavenImportPreferences">
        <option name="generalSettings">
          <MavenGeneralSettings>
            <option name="alwaysUpdateSnapshots" value="true" />
            <option name="localRepository" value="$USER_HOME$/code/apache-maven/repository" />
            <option name="mavenHome" value="$USER_HOME$/code/apache-maven" />
            <option name="userSettingsFile" value="$USER_HOME$/code/apache-maven/conf/settings.xml" />
          </MavenGeneralSettings>
        </option>
        <option name="importingSettings">
          <MavenImportingSettings>
            <option name="workspaceImportEnabled" value="false" />
          </MavenImportingSettings>
        </option>
      </component>
      <component name="ProjectViewState">
        <option name="hideEmptyMiddlePackages" value="true" />
        <option name="showLibraryContents" value="true" />
      </component>
      <component name="PropertiesComponent"><![CDATA[{
  "keyToString": {
    "settings.editor.selected.configurable": "reference.settings.project.maven.importing"
  }
}]]></component>
      <component name="SvnConfiguration">
        <configuration>$USER_HOME$/.subversion</configuration>
      </component>
      <component name="WindowStateProjectService">
        <state x="313" y="196" width="900" height="700" key="SettingsEditor" timestamp="1683681215842">
          <screen x="0" y="0" width="1920" height="1080" />
        </state>
        <state x="313" y="196" width="900" height="700" key="SettingsEditor/-1440.25.1440.875/0.0.1920.1080" timestamp="1683681215842" />
      </component>
    </defaultProject>
  </component>
</application>