<application>
  <component name="Translation.Cache">
    <option name="lastTrimTime" value="1683598731070" />
  </component>
  <component name="Translation.Settings">
    <option name="aliTranslateSettings">
      <app-key>
        <option name="appId" value="LTAI5tFGwd8FewME44TWFJrA" />
      </app-key>
    </option>
    <option name="phoneticFontFamily" value="JetBrains Mono" />
    <option name="primaryFontFamily" value="JetBrains Mono" />
    <option name="primaryLanguage" value="CHINESE" />
    <option name="translateDocumentation" value="true" />
    <option name="translator" value="MICROSOFT" />
  </component>
</application>